{"cameraMode":{"drawMode":0,"name":"Shaded","section":"Shading Mode"},"sceneLighting":false,"audioPlay":false,"sceneViewState":{"showFog":true,"showMaterialUpdate":true,"showSkybox":true,"showFlares":true,"showImageEffects":true,"showParticleSystems":true},"in2DMode":false,"pivot":{"x":-0.1899999976158142,"y":2.2200000286102297,"z":-5.0},"rotation":{"x":-0.13220982253551484,"y":0.6849110126495361,"z":-0.12845642864704133,"w":-0.7049230933189392},"size":11.563581466674805,"orthographic":true}